case_id,gt_positive,pred_positive,score,lesion_dice,tumors_detected,tumors_total
PanTS_00009001,1,1,0.9999964833259583,0.5656108597285068,1,1
PanTS_00009002,0,0,0.9359148144721985,,0,0
PanTS_00009003,0,0,0.7905769348144531,,0,0
PanTS_00009004,0,0,0.1769576370716095,,0,0
PanTS_00009005,1,1,1.0,0.8937634408602151,1,1
PanTS_00009006,0,1,0.9999256730079651,,0,0
PanTS_00009007,0,1,0.9773696660995483,,0,0
PanTS_00009008,1,0,0.9978551864624023,0.0,0,1
PanTS_00009009,1,1,0.9999986290931702,0.8194881539101003,1,1
PanTS_00009010,1,1,0.9998414516448975,0.07313195548489666,1,1
PanTS_00009011,0,0,0.9367632269859314,,0,0
PanTS_00009012,0,1,0.9998043775558472,,0,0
PanTS_00009013,0,0,0.9757242798805237,,0,0
PanTS_00009014,0,0,0.9893290400505066,,0,0
PanTS_00009015,0,1,0.9968249797821045,,0,0
PanTS_00009016,0,1,0.9996637105941772,,0,0
PanTS_00009017,0,1,0.9997828602790833,,0,0
PanTS_00009018,0,0,0.9683752059936523,,0,0
PanTS_00009019,0,0,0.16355887055397034,,0,0
PanTS_00009020,1,1,0.9999998807907104,0.6969863013698631,1,1
PanTS_00009021,0,1,0.9973845481872559,,0,0
PanTS_00009022,0,1,0.9999996423721313,,0,0
PanTS_00009023,0,1,0.9999988079071045,,0,0
PanTS_00009024,0,1,0.9955839514732361,,0,0
PanTS_00009025,0,1,0.9987725019454956,,0,0
PanTS_00009026,0,0,0.8595999479293823,,0,0
PanTS_00009027,1,1,0.9999117851257324,0.0,0,1
PanTS_00009028,0,0,0.009247112087905407,,0,0
PanTS_00009029,0,1,0.9999997615814209,,0,0
PanTS_00009030,0,0,0.003718405496329069,,0,0
PanTS_00009031,0,0,0.0795096904039383,,0,0
PanTS_00009032,0,0,0.03538192808628082,,0,0
PanTS_00009033,0,1,0.9907547235488892,,0,0
PanTS_00009034,0,0,0.5560969710350037,,0,0
PanTS_00009035,0,1,0.9992820024490356,,0,0
PanTS_00009036,0,0,0.9371705055236816,,0,0
PanTS_00009037,1,1,0.999998927116394,0.37973838761345435,1,1
PanTS_00009038,0,1,0.9905420541763306,,0,0
PanTS_00009039,0,1,0.9995992183685303,,0,0
PanTS_00009040,0,1,0.9987807869911194,,0,0
PanTS_00009041,1,1,1.0,0.6612746683921061,2,3
PanTS_00009042,0,1,0.9999873638153076,,0,0
PanTS_00009043,0,0,0.9772599339485168,,0,0
PanTS_00009044,0,0,0.9396559596061707,,0,0
PanTS_00009045,0,0,0.741496205329895,,0,0
PanTS_00009046,0,0,0.850577712059021,,0,0
PanTS_00009047,0,1,0.982258141040802,,0,0
PanTS_00009048,0,0,0.8185113072395325,,0,0
PanTS_00009049,0,0,0.6768117547035217,,0,0
PanTS_00009050,0,1,0.9817340970039368,,0,0
PanTS_00009051,0,0,0.6162435412406921,,0,0
PanTS_00009052,0,1,0.9938189387321472,,0,0
PanTS_00009053,0,1,0.9925074577331543,,0,0
PanTS_00009054,0,0,0.9679246544837952,,0,0
PanTS_00009055,0,0,0.845432460308075,,0,0
PanTS_00009056,1,1,0.9999859929084778,0.3897078531224873,2,2
PanTS_00009057,0,0,0.7964450120925903,,0,0
PanTS_00009058,0,0,0.014112621545791626,,0,0
PanTS_00009059,0,1,0.9987972974777222,,0,0
PanTS_00009060,0,1,0.99435955286026,,0,0
PanTS_00009061,1,1,0.9999995231628418,0.6853091768412761,1,1
PanTS_00009062,0,1,0.9999920129776001,,0,0
PanTS_00009063,0,1,0.9989700317382812,,0,0
PanTS_00009064,0,1,1.0,,0,0
PanTS_00009065,0,0,0.47758379578590393,,0,0
PanTS_00009066,0,0,0.9496067762374878,,0,0
PanTS_00009067,1,0,0.36026084423065186,0.0,0,1
PanTS_00009068,0,1,0.9999344348907471,,0,0
PanTS_00009069,0,0,0.9473406672477722,,0,0
PanTS_00009070,0,0,0.06965569406747818,,0,0
PanTS_00009071,0,1,0.991142749786377,,0,0
PanTS_00009072,0,0,0.949999988079071,,0,0
PanTS_00009073,0,0,0.09306678920984268,,0,0
PanTS_00009074,0,0,0.25172165036201477,,0,0
PanTS_00009075,1,1,0.9999054670333862,0.2823755402593245,1,1
PanTS_00009076,0,0,0.03945174813270569,,0,0
PanTS_00009077,0,1,0.9944689869880676,,0,0
PanTS_00009078,0,1,0.9995049834251404,,0,0
PanTS_00009079,1,1,0.9999998807907104,0.46880415944540726,1,1
PanTS_00009080,0,0,0.9909709095954895,,0,0
PanTS_00009081,0,1,0.9637044668197632,,0,0
PanTS_00009082,0,0,0.9840810894966125,,0,0
PanTS_00009083,0,1,0.9997293949127197,,0,0
PanTS_00009084,1,1,0.9998907446861267,0.0,0,1
PanTS_00009085,0,1,0.9993172883987427,,0,0
PanTS_00009086,0,1,0.9992485046386719,,0,0
PanTS_00009087,1,1,1.0,0.8092783505154639,1,1
PanTS_00009088,0,0,0.2882450520992279,,0,0
PanTS_00009089,0,0,0.8911689519882202,,0,0
PanTS_00009090,0,0,0.656544029712677,,0,0
PanTS_00009091,0,1,0.997499942779541,,0,0
PanTS_00009092,0,1,0.9991044998168945,,0,0
PanTS_00009093,0,0,0.7078533172607422,,0,0
PanTS_00009094,0,1,0.99334716796875,,0,0
PanTS_00009095,0,0,0.9085335731506348,,0,0
PanTS_00009096,0,0,0.3629453182220459,,0,0
PanTS_00009097,1,1,0.9999966025352478,0.26454281439760624,1,1
PanTS_00009098,0,1,0.9960934519767761,,0,0
PanTS_00009099,0,0,0.9829704165458679,,0,0
PanTS_00009100,0,0,0.42295557260513306,,0,0
PanTS_00009101,0,1,0.9857438802719116,,0,0
PanTS_00009102,0,1,0.9999557733535767,,0,0
PanTS_00009103,0,0,0.09163738787174225,,0,0
PanTS_00009104,0,0,0.009814420714974403,,0,0
PanTS_00009105,0,0,0.936094343662262,,0,0
PanTS_00009106,0,0,0.4845336675643921,,0,0
PanTS_00009107,0,0,0.677862823009491,,0,0
PanTS_00009108,0,0,0.9819150567054749,,0,0
PanTS_00009109,0,1,0.9998939633369446,,0,0
PanTS_00009110,0,1,0.9999988079071045,,0,0
PanTS_00009111,0,1,0.9998228549957275,,0,0
PanTS_00009112,0,1,0.9994215369224548,,0,0
PanTS_00009113,0,1,0.9983116388320923,,0,0
PanTS_00009114,0,0,0.9382760524749756,,0,0
PanTS_00009115,0,0,0.2513653039932251,,0,0
PanTS_00009116,0,0,0.9252196550369263,,0,0
PanTS_00009117,0,0,0.01662530191242695,,0,0
PanTS_00009118,0,1,0.9990250468254089,,0,0
PanTS_00009119,1,0,0.9668065309524536,0.0,0,1
PanTS_00009120,0,1,0.9995443820953369,,0,0
PanTS_00009121,1,1,0.9999992847442627,0.8545027283227785,6,6
PanTS_00009122,0,0,0.9253212213516235,,0,0
PanTS_00009123,0,0,0.19136226177215576,,0,0
PanTS_00009124,0,1,0.9969390034675598,,0,0
PanTS_00009125,0,0,0.918533444404602,,0,0
PanTS_00009126,0,0,0.22496534883975983,,0,0
PanTS_00009127,1,0,0.001634097658097744,0.0,0,1
PanTS_00009128,0,1,0.9996497631072998,,0,0
PanTS_00009129,0,1,0.9918766021728516,,0,0
PanTS_00009130,0,0,0.9060803055763245,,0,0
PanTS_00009131,0,0,0.5061502456665039,,0,0
PanTS_00009132,0,1,0.9765470623970032,,0,0
PanTS_00009133,0,1,0.9955822229385376,,0,0
PanTS_00009134,0,1,0.9963509440422058,,0,0
PanTS_00009135,1,1,0.9996921420097351,0.1807081807081807,1,1
PanTS_00009136,0,0,0.9928566813468933,,0,0
PanTS_00009137,0,1,0.999733030796051,,0,0
PanTS_00009138,0,0,0.18593357503414154,,0,0
PanTS_00009139,0,1,0.9999811053276062,,0,0
PanTS_00009140,0,0,0.06490834802389145,,0,0
PanTS_00009141,0,1,0.9977601766586304,,0,0
PanTS_00009142,0,1,0.996734082698822,,0,0
PanTS_00009143,1,1,0.9999998807907104,0.7181841808888504,1,1
PanTS_00009144,0,1,0.9994950294494629,,0,0
PanTS_00009145,0,1,0.9993722438812256,,0,0
PanTS_00009146,0,0,0.9919587969779968,,0,0
PanTS_00009147,0,1,0.9976761341094971,,0,0
PanTS_00009148,0,1,0.9942249059677124,,0,0
PanTS_00009149,0,0,0.9006751179695129,,0,0
PanTS_00009150,0,0,0.6490147113800049,,0,0
PanTS_00009151,1,1,0.9999945163726807,0.10615561247019341,1,1
PanTS_00009152,1,1,1.0,0.8996994322609373,1,1
PanTS_00009153,0,0,0.41862237453460693,,0,0
PanTS_00009154,0,1,0.9991533160209656,,0,0
PanTS_00009155,0,1,0.9917708039283752,,0,0
PanTS_00009156,0,1,0.9820206761360168,,0,0
PanTS_00009157,1,0,0.4026564061641693,0.0,0,1
PanTS_00009158,1,1,0.9999968409538269,0.8138537842911985,1,1
PanTS_00009159,0,0,0.18218646943569183,,0,0
PanTS_00009160,0,0,0.04111114516854286,,0,0
PanTS_00009161,1,1,1.0,0.4831288343558282,1,1
PanTS_00009162,0,1,0.9998466372489929,,0,0
PanTS_00009163,0,0,0.11520455777645111,,0,0
PanTS_00009164,0,0,0.23459196090698242,,0,0
PanTS_00009165,0,0,0.968471109867096,,0,0
PanTS_00009166,0,0,0.8358205556869507,,0,0
PanTS_00009167,0,1,0.9999867677688599,,0,0
PanTS_00009168,1,1,0.999998152256012,0.8290933925217688,1,1
PanTS_00009169,1,1,0.9995548129081726,0.0,0,1
PanTS_00009170,0,1,0.9999985694885254,,0,0
PanTS_00009171,0,1,0.9966670274734497,,0,0
PanTS_00009172,0,1,0.9998515248298645,,0,0
PanTS_00009173,0,0,0.9365540742874146,,0,0
PanTS_00009174,1,1,0.9999997615814209,0.8175316339629561,1,1
PanTS_00009175,0,1,0.9999773502349854,,0,0
PanTS_00009176,0,0,0.885583221912384,,0,0
PanTS_00009177,0,1,0.9985440969467163,,0,0
PanTS_00009178,0,0,0.04121680185198784,,0,0
PanTS_00009179,0,1,0.999430775642395,,0,0
PanTS_00009180,1,1,0.9999943375587463,0.0,0,1
PanTS_00009181,1,0,0.04664158821105957,0.0,0,1
PanTS_00009182,1,1,1.0,0.688732865262454,1,1
PanTS_00009183,0,0,0.6153578162193298,,0,0
PanTS_00009184,0,1,0.9997580051422119,,0,0
PanTS_00009185,0,1,0.9977830648422241,,0,0
PanTS_00009186,0,0,0.5671334862709045,,0,0
PanTS_00009187,0,1,0.9980037212371826,,0,0
PanTS_00009188,1,0,0.923836350440979,0.0,0,2
PanTS_00009189,0,1,0.9945836067199707,,0,0
PanTS_00009190,0,0,0.032375767827034,,0,0
PanTS_00009191,1,0,0.9950734972953796,0.0,0,1
PanTS_00009192,1,0,0.03998846560716629,0.0,0,1
PanTS_00009193,0,0,0.08524459600448608,,0,0
PanTS_00009194,0,1,0.9996427297592163,,0,0
PanTS_00009195,0,1,0.9988023638725281,,0,0
PanTS_00009196,0,1,0.999997079372406,,0,0
PanTS_00009197,0,1,0.9999924302101135,,0,0
PanTS_00009198,0,1,0.9999984502792358,,0,0
PanTS_00009199,1,1,0.9994204640388489,0.3942470389170897,1,2
PanTS_00009200,0,0,0.6644198298454285,,0,0
PanTS_00009201,0,1,0.9975697994232178,,0,0
PanTS_00009202,0,1,0.9886490106582642,,0,0
PanTS_00009203,0,1,0.9998624324798584,,0,0
PanTS_00009204,0,1,0.9999942183494568,,0,0
PanTS_00009205,0,1,0.998604416847229,,0,0
PanTS_00009206,0,0,0.010852986015379429,,0,0
PanTS_00009207,0,1,0.9915136694908142,,0,0
PanTS_00009208,0,1,0.9999837279319763,,0,0
PanTS_00009209,0,0,0.3713167905807495,,0,0
PanTS_00009210,0,1,0.9994841814041138,,0,0
PanTS_00009211,0,0,0.5953751802444458,,0,0
PanTS_00009212,0,0,0.10699462890625,,0,0
PanTS_00009213,0,1,0.9928255081176758,,0,0
PanTS_00009214,0,1,0.9999632239341736,,0,0
PanTS_00009215,0,1,0.9970595240592957,,0,0
PanTS_00009216,0,1,0.9496562480926514,,0,0
PanTS_00009217,0,1,0.9991751909255981,,0,0
PanTS_00009218,0,1,0.9997875690460205,,0,0
PanTS_00009219,0,1,0.9918408393859863,,0,0
PanTS_00009220,0,1,0.9999354481697083,,0,0
PanTS_00009221,0,0,0.20078733563423157,,0,0
PanTS_00009222,1,1,0.9999172687530518,0.5700768775872265,1,1
PanTS_00009223,0,1,0.9919549226760864,,0,0
PanTS_00009224,0,1,0.9947924613952637,,0,0
PanTS_00009225,0,0,0.9662330746650696,,0,0
PanTS_00009226,0,0,0.884698212146759,,0,0
PanTS_00009227,1,1,0.9999986886978149,0.5375418460066954,1,1
PanTS_00009228,0,0,0.25237199664115906,,0,0
PanTS_00009229,0,0,0.7513179183006287,,0,0
PanTS_00009230,0,1,0.9963639378547668,,0,0
PanTS_00009231,0,1,0.9873042106628418,,0,0
PanTS_00009232,0,0,0.04983165115118027,,0,0
PanTS_00009233,0,1,0.9754482507705688,,0,0
PanTS_00009234,0,1,0.9991751313209534,,0,0
PanTS_00009235,0,0,0.0020441643428057432,,0,0
PanTS_00009236,0,1,0.9999849200248718,,0,0
PanTS_00009237,1,0,0.9890385270118713,0.0,0,1
PanTS_00009238,0,0,0.48650574684143066,,0,0
PanTS_00009239,0,0,0.038952846080064774,,0,0
PanTS_00009240,0,0,0.3007430136203766,,0,0
PanTS_00009241,0,0,0.16698341071605682,,0,0
PanTS_00009242,0,0,0.7369949817657471,,0,0
PanTS_00009243,0,0,0.6444792151451111,,0,0
PanTS_00009244,0,1,0.9980732798576355,,0,0
PanTS_00009245,0,0,0.4825481176376343,,0,0
PanTS_00009246,0,0,0.6455725431442261,,0,0
PanTS_00009247,0,0,0.14915092289447784,,0,0
PanTS_00009248,0,1,0.9932847619056702,,0,0
PanTS_00009249,0,0,0.6110653281211853,,0,0
PanTS_00009250,0,0,0.2698885500431061,,0,0
PanTS_00009251,0,1,0.990845799446106,,0,0
PanTS_00009252,0,1,0.997992992401123,,0,0
PanTS_00009253,0,0,0.8672900199890137,,0,0
PanTS_00009254,0,1,0.9999923706054688,,0,0
PanTS_00009255,0,1,0.9987539649009705,,0,0
PanTS_00009256,0,0,0.9901636838912964,,0,0
PanTS_00009257,0,1,0.994667649269104,,0,0
PanTS_00009258,1,1,0.9999990463256836,0.8310249307479224,1,1
PanTS_00009259,1,0,0.2667151689529419,0.0,0,1
PanTS_00009260,0,0,0.04497089609503746,,0,0
PanTS_00009261,0,1,0.9999876022338867,,0,0
PanTS_00009262,0,0,0.004498201888054609,,0,0
PanTS_00009263,0,0,0.6453861594200134,,0,0
PanTS_00009264,0,1,0.9999836683273315,,0,0
PanTS_00009265,1,1,1.0,0.6839266450916937,1,1
PanTS_00009266,0,0,0.06580688059329987,,0,0
PanTS_00009267,0,1,0.999984085559845,,0,0
PanTS_00009268,0,1,0.9886256456375122,,0,0
PanTS_00009269,0,1,0.985577404499054,,0,0
PanTS_00009270,0,1,0.9999546408653259,,0,0
PanTS_00009271,0,1,0.9999717473983765,,0,0
PanTS_00009272,0,0,0.4008631408214569,,0,0
PanTS_00009273,0,1,0.9756343960762024,,0,0
PanTS_00009274,0,0,0.9181171655654907,,0,0
PanTS_00009275,0,1,0.9999953508377075,,0,0
PanTS_00009276,0,1,0.9980690479278564,,0,0
PanTS_00009277,0,0,0.007774485275149345,,0,0
PanTS_00009278,0,0,0.9812521934509277,,0,0
PanTS_00009279,0,0,0.0015843756264075637,,0,0
PanTS_00009280,0,0,0.3390989303588867,,0,0
PanTS_00009281,1,1,1.0,0.36644423260247855,1,1
PanTS_00009282,0,1,0.984659731388092,,0,0
PanTS_00009283,0,0,0.7516133785247803,,0,0
PanTS_00009284,0,0,0.2218656986951828,,0,0
PanTS_00009285,0,1,0.9999819397926331,,0,0
PanTS_00009286,1,1,0.998790442943573,0.0,0,1
PanTS_00009287,1,1,0.9999744892120361,0.028169014084507043,1,2
PanTS_00009288,0,1,0.9886640906333923,,0,0
PanTS_00009289,0,0,0.8921216130256653,,0,0
PanTS_00009290,1,1,0.9679532647132874,0.0,0,1
PanTS_00009291,0,1,0.9966110587120056,,0,0
PanTS_00009292,1,1,1.0,0.19608724983134698,1,1
PanTS_00009293,0,1,0.9999916553497314,,0,0
PanTS_00009294,0,0,0.8927905559539795,,0,0
PanTS_00009295,0,1,0.9899306297302246,,0,0
PanTS_00009296,0,1,0.9999425411224365,,0,0
PanTS_00009297,0,1,0.999962329864502,,0,0
PanTS_00009298,0,1,0.9999481439590454,,0,0
PanTS_00009299,1,0,0.014041230082511902,0.0,0,1
PanTS_00009300,0,0,0.9499098062515259,,0,0
PanTS_00009301,1,1,0.9943239688873291,0.0,0,1
PanTS_00009302,0,0,0.3497873842716217,,0,0
PanTS_00009303,0,0,0.8489906191825867,,0,0
PanTS_00009304,1,1,1.0,0.8051429838173354,1,1
PanTS_00009305,0,0,0.2214578241109848,,0,0
PanTS_00009306,0,1,0.9933668375015259,,0,0
PanTS_00009307,0,0,0.7802355289459229,,0,0
PanTS_00009308,1,1,1.0,0.7983767620674925,1,1
PanTS_00009309,0,0,0.9903523921966553,,0,0
PanTS_00009310,0,1,0.9999258518218994,,0,0
PanTS_00009311,0,1,0.9875155687332153,,0,0
PanTS_00009312,0,1,0.9990550875663757,,0,0
PanTS_00009313,1,1,0.9999969005584717,0.7929300327132465,1,1
PanTS_00009314,0,1,0.9999833106994629,,0,0
PanTS_00009315,0,1,0.9993338584899902,,0,0
PanTS_00009316,0,1,0.9932575225830078,,0,0
PanTS_00009317,1,1,1.0,0.5858610567514677,1,1
PanTS_00009318,0,0,0.032383035868406296,,0,0
PanTS_00009319,1,1,0.9999977350234985,0.46802900461437047,1,1
PanTS_00009320,0,1,0.9999970197677612,,0,0
PanTS_00009321,1,0,0.018126100301742554,0.0,0,1
PanTS_00009322,0,1,0.9999291300773621,,0,0
PanTS_00009323,0,0,0.9814053177833557,,0,0
PanTS_00009324,0,0,0.031370073556900024,,0,0
PanTS_00009325,1,0,0.9806682467460632,0.0,0,1
PanTS_00009326,0,0,0.07124795764684677,,0,0
PanTS_00009327,0,1,0.9991806149482727,,0,0
PanTS_00009328,0,1,0.9936227798461914,,0,0
PanTS_00009329,1,1,0.9994981288909912,0.12353801169590643,1,1
PanTS_00009330,0,0,0.14787133038043976,,0,0
PanTS_00009331,0,1,0.9677567481994629,,0,0
PanTS_00009332,0,0,0.9113280177116394,,0,0
PanTS_00009333,0,1,0.9817678928375244,,0,0
PanTS_00009334,0,0,0.9774627685546875,,0,0
PanTS_00009335,0,0,0.7883767485618591,,0,0
PanTS_00009336,0,1,0.9991564154624939,,0,0
PanTS_00009337,0,1,0.9951736330986023,,0,0
PanTS_00009338,1,1,1.0,0.6660553047404063,1,1
PanTS_00009339,0,1,0.9986724257469177,,0,0
PanTS_00009340,0,0,0.9644563794136047,,0,0
PanTS_00009341,1,0,0.9920089840888977,0.0,0,1
PanTS_00009342,1,1,1.0,0.8659003831417624,1,1
PanTS_00009343,0,1,0.9999998807907104,,0,0
PanTS_00009344,0,1,0.9780465960502625,,0,0
PanTS_00009345,0,0,0.670497477054596,,0,0
PanTS_00009346,0,0,0.8396782279014587,,0,0
PanTS_00009347,1,1,1.0,0.40693913554836814,1,1
PanTS_00009348,0,0,0.07163962721824646,,0,0
PanTS_00009349,0,0,0.10176705569028854,,0,0
PanTS_00009350,0,1,0.9999834299087524,,0,0
PanTS_00009351,0,1,0.999542772769928,,0,0
PanTS_00009352,0,0,0.9306140542030334,,0,0
PanTS_00009353,0,1,0.9989169836044312,,0,0
PanTS_00009354,0,1,0.9966666102409363,,0,0
PanTS_00009355,0,1,0.9995403289794922,,0,0
PanTS_00009356,0,1,0.9998942017555237,,0,0
PanTS_00009357,0,1,0.999803900718689,,0,0
PanTS_00009358,0,1,0.9998482465744019,,0,0
PanTS_00009359,0,0,0.9191313982009888,,0,0
PanTS_00009360,0,0,0.22609874606132507,,0,0
PanTS_00009361,0,0,0.9715960621833801,,0,0
PanTS_00009362,0,1,0.9999690651893616,,0,0
PanTS_00009363,0,0,0.16754260659217834,,0,0
PanTS_00009364,0,0,0.1172792986035347,,0,0
PanTS_00009365,0,1,0.9996330142021179,,0,0
PanTS_00009366,1,1,0.9999998807907104,0.6471796492336862,1,1
PanTS_00009367,1,1,0.9999915957450867,0.38395104628397564,1,1
PanTS_00009368,0,1,0.9975758790969849,,0,0
PanTS_00009369,0,1,0.9999955892562866,,0,0
PanTS_00009370,1,1,0.9999979138374329,0.0,0,1
PanTS_00009371,1,1,0.9999939203262329,0.13679326344732773,1,1
PanTS_00009372,0,1,0.9946637749671936,,0,0
PanTS_00009373,1,1,0.9999991655349731,0.3638286260062764,1,1
PanTS_00009374,0,0,0.8598949909210205,,0,0
PanTS_00009375,1,1,1.0,0.8565891472868217,1,1
PanTS_00009376,0,0,0.2064180076122284,,0,0
PanTS_00009377,0,1,0.999286949634552,,0,0
PanTS_00009378,0,0,0.128338024020195,,0,0
PanTS_00009379,0,1,0.9894827604293823,,0,0
PanTS_00009380,0,1,0.9999634623527527,,0,0
PanTS_00009381,0,0,0.025660160928964615,,0,0
PanTS_00009382,1,1,0.9999995231628418,0.3317060637204522,1,1
PanTS_00009383,1,1,0.9999992847442627,0.5182756696428571,1,1
PanTS_00009384,0,0,0.9706360101699829,,0,0
PanTS_00009385,1,1,1.0,0.3826266804550155,1,1
PanTS_00009386,1,1,0.999998927116394,0.5398680082224386,1,1
PanTS_00009387,0,1,0.9999984502792358,,0,0
PanTS_00009388,0,1,0.9768453240394592,,0,0
PanTS_00009389,0,1,0.9963697791099548,,0,0
PanTS_00009390,0,1,0.9996615052223206,,0,0
PanTS_00009391,0,1,0.9996031522750854,,0,0
PanTS_00009392,0,0,0.15996341407299042,,0,0
PanTS_00009393,0,0,0.32370826601982117,,0,0
PanTS_00009394,0,0,0.850305438041687,,0,0
PanTS_00009395,0,0,0.24657173454761505,,0,0
PanTS_00009396,0,1,0.9991759657859802,,0,0
PanTS_00009397,0,0,0.2495102882385254,,0,0
PanTS_00009398,0,0,0.45170190930366516,,0,0
PanTS_00009399,0,1,0.9999022483825684,,0,0
PanTS_00009400,0,0,0.922467052936554,,0,0
PanTS_00009401,0,0,0.9544367790222168,,0,0
PanTS_00009402,0,0,0.9577513933181763,,0,0
PanTS_00009403,0,0,0.9147803783416748,,0,0
PanTS_00009404,0,1,0.9993112683296204,,0,0
PanTS_00009405,0,1,0.9997329115867615,,0,0
PanTS_00009406,0,1,0.9999951124191284,,0,0
PanTS_00009407,1,1,1.0,0.8808015071073814,1,1
PanTS_00009408,1,1,0.999992847442627,0.8558311855670103,1,1
PanTS_00009409,0,0,0.8806226253509521,,0,0
PanTS_00009410,0,1,0.9999995231628418,,0,0
PanTS_00009411,0,0,0.694730818271637,,0,0
PanTS_00009412,0,0,9.720829257275909e-05,,0,0
PanTS_00009413,0,0,0.04719381034374237,,0,0
PanTS_00009414,0,0,0.12380699068307877,,0,0
PanTS_00009415,0,1,0.9779453277587891,,0,0
PanTS_00009416,0,1,0.9901739954948425,,0,0
PanTS_00009417,0,1,0.9999943375587463,,0,0
PanTS_00009418,0,1,0.9998894929885864,,0,0
PanTS_00009419,0,1,0.9999998807907104,,0,0
PanTS_00009420,0,1,0.9999792575836182,,0,0
PanTS_00009421,1,1,0.9999955892562866,0.8674188998589563,1,1
PanTS_00009422,0,1,0.9993407726287842,,0,0
PanTS_00009423,1,1,1.0,0.6518218623481782,1,1
PanTS_00009424,0,1,0.9999991655349731,,0,0
PanTS_00009425,0,0,0.14772692322731018,,0,0
PanTS_00009426,0,1,0.9995436072349548,,0,0
PanTS_00009427,0,1,0.9994679689407349,,0,0
PanTS_00009428,0,1,0.9999569654464722,,0,0
PanTS_00009429,0,1,0.9992319345474243,,0,0
PanTS_00009430,0,1,0.9987125992774963,,0,0
PanTS_00009431,0,1,0.9968013763427734,,0,0
PanTS_00009432,0,0,0.8558986783027649,,0,0
PanTS_00009433,0,0,0.050728168338537216,,0,0
PanTS_00009434,0,1,0.9990041255950928,,0,0
PanTS_00009435,1,1,0.9999998807907104,0.8811188811188811,1,1
PanTS_00009436,0,1,0.9997611045837402,,0,0
PanTS_00009437,0,1,0.9960960149765015,,0,0
PanTS_00009438,0,0,0.9541120529174805,,0,0
PanTS_00009439,0,1,0.9982718229293823,,0,0
PanTS_00009440,0,1,0.9950543642044067,,0,0
PanTS_00009441,0,1,0.9982229471206665,,0,0
PanTS_00009442,0,1,0.9927624464035034,,0,0
PanTS_00009443,0,1,0.9993130564689636,,0,0
PanTS_00009444,0,1,0.9976707696914673,,0,0
PanTS_00009445,1,1,0.9999781847000122,0.7300163132137031,1,1
PanTS_00009446,0,1,0.9909705519676208,,0,0
PanTS_00009447,0,0,0.8521784543991089,,0,0
PanTS_00009448,0,1,0.999805748462677,,0,0
PanTS_00009449,1,1,0.9999998807907104,0.7998054592984376,1,2
PanTS_00009450,0,0,0.2984326481819153,,0,0
PanTS_00009451,0,1,0.9987438321113586,,0,0
PanTS_00009452,0,0,0.40346038341522217,,0,0
PanTS_00009453,0,1,0.9958428144454956,,0,0
PanTS_00009454,0,0,0.9246216416358948,,0,0
PanTS_00009455,0,1,0.9940856099128723,,0,0
PanTS_00009456,0,1,0.9953652024269104,,0,0
PanTS_00009457,1,1,1.0,0.7060694407633183,1,1
PanTS_00009458,0,0,0.35234692692756653,,0,0
PanTS_00009459,1,0,0.9542250633239746,0.0,0,1
PanTS_00009460,1,1,1.0,0.6056808688387636,1,1
PanTS_00009461,0,0,0.8076921105384827,,0,0
PanTS_00009462,0,0,0.054237425327301025,,0,0
PanTS_00009463,0,0,0.0234049241989851,,0,0
PanTS_00009464,1,1,0.9999932050704956,0.22932330827067668,1,1
PanTS_00009465,0,0,0.8290655016899109,,0,0
PanTS_00009466,0,1,0.9915837049484253,,0,0
PanTS_00009467,0,1,0.9999998807907104,,0,0
PanTS_00009468,0,1,0.9999014735221863,,0,0
PanTS_00009469,0,0,0.9733073711395264,,0,0
PanTS_00009470,1,1,0.9999997615814209,0.5371894585818923,1,1
PanTS_00009471,0,1,0.9985339045524597,,0,0
PanTS_00009472,0,1,0.9999837875366211,,0,0
PanTS_00009473,1,1,0.9999997019767761,0.7287845438982636,1,1
PanTS_00009474,0,1,0.9998999834060669,,0,0
PanTS_00009475,0,1,0.9915748238563538,,0,0
PanTS_00009476,0,0,0.08881302177906036,,0,0
PanTS_00009477,0,0,0.10043226927518845,,0,0
PanTS_00009478,1,1,0.9999998807907104,0.6190147939975609,1,1
PanTS_00009479,0,1,0.9999995231628418,,0,0
PanTS_00009480,0,1,0.9985695481300354,,0,0
PanTS_00009481,0,0,0.9861015677452087,,0,0
PanTS_00009482,0,1,0.9998382925987244,,0,0
PanTS_00009483,1,1,0.999998927116394,0.8467624241493202,1,2
PanTS_00009484,0,1,0.9999629855155945,,0,0
PanTS_00009485,0,1,0.9997450709342957,,0,0
PanTS_00009486,0,0,0.8955503106117249,,0,0
PanTS_00009487,0,1,0.9913586378097534,,0,0
PanTS_00009488,0,0,0.005372449290007353,,0,0
PanTS_00009489,0,0,0.05592396855354309,,0,0
PanTS_00009490,0,0,0.10366258025169373,,0,0
PanTS_00009491,0,1,0.9988642930984497,,0,0
PanTS_00009492,0,1,0.9972645044326782,,0,0
PanTS_00009493,0,0,0.8404130935668945,,0,0
PanTS_00009494,0,0,0.013769934885203838,,0,0
PanTS_00009495,1,0,0.9924042224884033,0.0,0,1
PanTS_00009496,0,0,0.0794387012720108,,0,0
PanTS_00009497,0,0,0.3122481405735016,,0,0
PanTS_00009498,0,0,0.7614339590072632,,0,0
PanTS_00009499,0,0,0.992249608039856,,0,0
PanTS_00009500,0,0,0.9497104287147522,,0,0
PanTS_00009501,0,1,0.9981309771537781,,0,0
PanTS_00009502,0,1,0.9992844462394714,,0,0
PanTS_00009503,0,1,0.9963306784629822,,0,0
PanTS_00009504,1,1,0.9999998807907104,0.8455284552845529,1,1
PanTS_00009505,0,0,0.962475597858429,,0,0
PanTS_00009506,1,1,0.9998167753219604,0.13340320407246595,1,1
PanTS_00009507,0,1,0.9999949932098389,,0,0
PanTS_00009508,0,0,0.8346362113952637,,0,0
PanTS_00009509,0,1,0.9926637411117554,,0,0
PanTS_00009510,1,1,0.9999998807907104,0.5034412202380952,1,1
PanTS_00009511,0,0,0.012121932581067085,,0,0
PanTS_00009512,0,0,0.790276288986206,,0,0
PanTS_00009513,0,1,0.9994224905967712,,0,0
PanTS_00009514,0,1,0.9966883063316345,,0,0
PanTS_00009515,0,1,0.9999887943267822,,0,0
PanTS_00009516,0,1,0.9988075494766235,,0,0
PanTS_00009517,1,1,0.9999994039535522,0.737330910559257,1,1
PanTS_00009518,1,1,0.9999992847442627,0.6824189026832199,1,1
PanTS_00009519,0,1,0.9988096356391907,,0,0
PanTS_00009520,1,1,0.9999779462814331,0.0,0,1
PanTS_00009521,0,1,0.9983223676681519,,0,0
PanTS_00009522,0,1,0.9995133280754089,,0,0
PanTS_00009523,1,0,0.4902082681655884,0.0,0,1
PanTS_00009524,0,1,0.9926129579544067,,0,0
PanTS_00009525,0,1,0.995804488658905,,0,0
PanTS_00009526,0,1,0.9999895095825195,,0,0
PanTS_00009527,0,1,0.9853872656822205,,0,0
PanTS_00009528,1,1,0.9999973773956299,0.3233214259677772,1,1
PanTS_00009529,0,0,0.6812611818313599,,0,0
PanTS_00009530,0,0,0.007039602845907211,,0,0
PanTS_00009531,0,0,0.20301198959350586,,0,0
PanTS_00009532,0,0,0.956905722618103,,0,0
PanTS_00009533,0,0,0.7777600884437561,,0,0
PanTS_00009534,1,1,1.0,0.8903623747108712,1,1
PanTS_00009535,0,0,0.833991289138794,,0,0
PanTS_00009536,0,0,0.447158545255661,,0,0
PanTS_00009537,0,1,0.9990618228912354,,0,0
PanTS_00009538,0,0,0.11305809020996094,,0,0
PanTS_00009539,0,1,0.9920475482940674,,0,0
PanTS_00009540,0,1,0.992567241191864,,0,0
PanTS_00009541,0,1,0.9811897277832031,,0,0
PanTS_00009542,0,1,0.9998007416725159,,0,0
PanTS_00009543,0,1,0.9983731508255005,,0,0
PanTS_00009544,1,1,1.0,0.7137867952769,1,1
PanTS_00009545,1,1,0.9999873042106628,0.5475431991504972,1,1
PanTS_00009546,0,1,0.9999995231628418,,0,0
PanTS_00009547,0,1,0.9996777772903442,,0,0
PanTS_00009548,0,1,0.9987191557884216,,0,0
PanTS_00009549,0,1,0.9784362316131592,,0,0
PanTS_00009550,0,0,0.5669404864311218,,0,0
PanTS_00009551,1,1,1.0,0.8290295710120783,1,1
PanTS_00009552,0,0,0.05753396451473236,,0,0
PanTS_00009553,0,1,0.9946755170822144,,0,0
PanTS_00009554,0,0,0.0821484625339508,,0,0
PanTS_00009555,0,1,0.9995473027229309,,0,0
PanTS_00009556,0,1,0.9999234080314636,,0,0
PanTS_00009557,0,1,0.9999885559082031,,0,0
PanTS_00009558,0,0,0.7564755082130432,,0,0
PanTS_00009559,0,1,0.9999403953552246,,0,0
PanTS_00009560,0,1,0.9885038137435913,,0,0
PanTS_00009561,0,0,0.002969645196571946,,0,0
PanTS_00009562,1,1,0.9987969398498535,0.016465029708640562,1,1
PanTS_00009563,0,1,0.9999336004257202,,0,0
PanTS_00009564,0,1,0.9988868236541748,,0,0
PanTS_00009565,0,0,0.8696469068527222,,0,0
PanTS_00009566,0,0,0.9233229756355286,,0,0
PanTS_00009567,1,1,0.9999454021453857,0.6441528545119706,1,1
PanTS_00009568,0,1,0.999110996723175,,0,0
PanTS_00009569,1,0,0.6040470600128174,0.0,0,1
PanTS_00009570,0,0,0.007813000120222569,,0,0
PanTS_00009571,0,0,0.12059477716684341,,0,0
PanTS_00009572,0,1,0.9937563538551331,,0,0
PanTS_00009573,0,1,0.9999988079071045,,0,0
PanTS_00009574,0,0,0.45520973205566406,,0,0
PanTS_00009575,0,0,0.9169954061508179,,0,0
PanTS_00009576,0,0,0.07438847422599792,,0,0
PanTS_00009577,0,0,0.07757244259119034,,0,0
PanTS_00009578,1,1,0.9999994039535522,0.5271799423119592,1,1
PanTS_00009579,0,1,0.9959083795547485,,0,0
PanTS_00009580,0,1,0.9997568726539612,,0,0
PanTS_00009581,0,1,0.9995414018630981,,0,0
PanTS_00009582,0,0,0.633050799369812,,0,0
PanTS_00009583,0,1,0.9547555446624756,,0,0
PanTS_00009584,1,1,0.9970090985298157,0.0,0,1
PanTS_00009585,0,1,0.9999518990516663,,0,0
PanTS_00009586,0,0,0.5228649377822876,,0,0
PanTS_00009587,0,1,0.999906063079834,,0,0
PanTS_00009588,0,0,0.921440601348877,,0,0
PanTS_00009589,0,0,0.8897638320922852,,0,0
PanTS_00009590,0,1,0.9999998807907104,,0,0
PanTS_00009591,0,0,0.8443312048912048,,0,0
PanTS_00009592,0,0,0.9540207982063293,,0,0
PanTS_00009593,0,0,0.2167111188173294,,0,0
PanTS_00009594,0,0,0.7732359170913696,,0,0
PanTS_00009595,0,0,0.49613577127456665,,0,0
PanTS_00009596,0,1,0.9611729383468628,,0,0
PanTS_00009597,0,1,0.9988530278205872,,0,0
PanTS_00009598,0,1,0.9998241662979126,,0,0
PanTS_00009599,0,0,0.5396659970283508,,0,0
PanTS_00009600,0,1,0.999994158744812,,0,0
PanTS_00009601,0,1,0.9999967813491821,,0,0
PanTS_00009602,0,1,0.9972341656684875,,0,0
PanTS_00009603,0,1,0.9962905049324036,,0,0
PanTS_00009604,0,0,0.9764181971549988,,0,0
PanTS_00009605,1,1,0.999950110912323,0.0,0,1
PanTS_00009606,0,1,0.9990285038948059,,0,0
PanTS_00009607,0,1,0.9962692260742188,,0,0
PanTS_00009608,1,1,1.0,0.8631329113924051,1,1
PanTS_00009609,0,1,1.0,,0,0
PanTS_00009610,0,1,0.9673557281494141,,0,0
PanTS_00009611,0,1,0.9999961853027344,,0,0
PanTS_00009612,1,1,0.9995193481445312,0.5489130434782609,1,1
PanTS_00009613,1,1,0.9999995231628418,0.8790447637754575,1,1
PanTS_00009614,0,0,0.17387576401233673,,0,0
PanTS_00009615,0,1,0.9940844774246216,,0,0
PanTS_00009616,0,1,0.9999996423721313,,0,0
PanTS_00009617,0,1,0.9363898634910583,,0,0
PanTS_00009618,0,1,0.998008668422699,,0,0
PanTS_00009619,0,0,0.997258186340332,,0,0
PanTS_00009620,1,1,0.9999885559082031,0.09249810009770926,1,1
PanTS_00009621,0,1,0.9913702011108398,,0,0
PanTS_00009622,1,1,0.9970085024833679,0.0,0,1
PanTS_00009623,0,0,0.0025579766370356083,,0,0
PanTS_00009624,0,1,0.9999985694885254,,0,0
PanTS_00009625,0,0,0.6395343542098999,,0,0
PanTS_00009626,0,1,0.9940930008888245,,0,0
PanTS_00009627,0,0,0.8958344459533691,,0,0
PanTS_00009628,0,1,0.9932720065116882,,0,0
PanTS_00009629,0,0,0.45021677017211914,,0,0
PanTS_00009630,0,1,0.9998726844787598,,0,0
PanTS_00009631,0,0,0.9971899390220642,,0,0
PanTS_00009632,0,0,0.25088903307914734,,0,0
PanTS_00009633,0,0,0.914142906665802,,0,0
PanTS_00009634,0,1,0.9979182481765747,,0,0
PanTS_00009635,1,1,1.0,0.7365976388620089,1,1
PanTS_00009636,0,0,0.9730812311172485,,0,0
PanTS_00009637,0,0,0.8773344159126282,,0,0
PanTS_00009638,0,0,0.8988254070281982,,0,0
PanTS_00009639,0,1,0.9952433705329895,,0,0
PanTS_00009640,1,1,0.9999998807907104,0.8460033117567364,1,1
PanTS_00009641,1,1,0.9999936819076538,0.3678373382624769,1,1
PanTS_00009642,0,1,0.9996249675750732,,0,0
PanTS_00009643,0,0,0.21151086688041687,,0,0
PanTS_00009644,0,1,0.8803395628929138,,0,0
PanTS_00009645,0,1,0.9996681809425354,,0,0
PanTS_00009646,0,0,0.9458370208740234,,0,0
PanTS_00009647,0,1,0.9893341064453125,,0,0
PanTS_00009648,0,1,0.999972403049469,,0,0
PanTS_00009649,1,1,1.0,0.7466451959205582,1,1
PanTS_00009650,0,1,0.9887446761131287,,0,0
PanTS_00009651,0,0,0.939617395401001,,0,0
PanTS_00009652,1,1,1.0,0.7471291305366768,1,1
PanTS_00009653,0,1,0.9999856948852539,,0,0
PanTS_00009654,0,1,0.9999909400939941,,0,0
PanTS_00009655,0,0,0.7899142503738403,,0,0
PanTS_00009656,0,1,0.999663233757019,,0,0
PanTS_00009657,0,0,8.889153104973957e-05,,0,0
PanTS_00009658,0,0,0.9131534695625305,,0,0
PanTS_00009659,1,1,0.9998699426651001,0.0,0,1
PanTS_00009660,0,1,0.9907393455505371,,0,0
PanTS_00009661,0,1,0.9999731779098511,,0,0
PanTS_00009662,0,1,0.9907656311988831,,0,0
PanTS_00009663,0,0,0.9199406504631042,,0,0
PanTS_00009664,0,0,0.228297621011734,,0,0
PanTS_00009665,0,1,0.9300492405891418,,0,0
PanTS_00009666,1,0,0.8239504098892212,0.0,0,1
PanTS_00009667,0,1,0.9999893307685852,,0,0
PanTS_00009668,0,1,0.9987826347351074,,0,0
PanTS_00009669,0,1,0.998719334602356,,0,0
PanTS_00009670,0,1,1.0,,0,0
PanTS_00009671,0,0,0.776655375957489,,0,0
PanTS_00009672,0,1,0.9907609224319458,,0,0
PanTS_00009673,0,1,0.9999629259109497,,0,0
PanTS_00009674,0,1,0.9919689297676086,,0,0
PanTS_00009675,0,1,0.9998364448547363,,0,0
PanTS_00009676,0,1,0.989600658416748,,0,0
PanTS_00009677,0,1,0.9999991655349731,,0,0
PanTS_00009678,0,0,0.32205891609191895,,0,0
PanTS_00009679,0,1,0.9984250664710999,,0,0
PanTS_00009680,0,1,0.9305263161659241,,0,0
PanTS_00009681,0,1,0.9975149035453796,,0,0
PanTS_00009682,0,0,0.9812876582145691,,0,0
PanTS_00009683,0,1,0.9999633431434631,,0,0
PanTS_00009684,0,1,0.9965844750404358,,0,0
PanTS_00009685,0,1,0.9999996423721313,,0,0
PanTS_00009686,0,0,0.9808444976806641,,0,0
PanTS_00009687,1,1,0.9999998807907104,0.183560633984519,1,1
PanTS_00009688,0,0,0.962411105632782,,0,0
PanTS_00009689,0,1,0.9418972134590149,,0,0
PanTS_00009690,0,1,0.9960559606552124,,0,0
PanTS_00009691,0,1,0.999741792678833,,0,0
PanTS_00009692,0,1,0.9702738523483276,,0,0
PanTS_00009693,0,1,0.9947989583015442,,0,0
PanTS_00009694,0,1,0.9522022604942322,,0,0
PanTS_00009695,0,1,0.9998247027397156,,0,0
PanTS_00009696,0,1,0.9966675639152527,,0,0
PanTS_00009697,0,1,0.9988307952880859,,0,0
PanTS_00009698,0,1,0.9999997615814209,,0,0
PanTS_00009699,0,0,0.9703915119171143,,0,0
PanTS_00009700,0,1,0.9802189469337463,,0,0
PanTS_00009701,0,0,0.09839136898517609,,0,0
PanTS_00009702,0,0,0.9857968688011169,,0,0
PanTS_00009703,0,1,0.999351978302002,,0,0
PanTS_00009704,0,0,0.9790067076683044,,0,0
PanTS_00009705,0,0,0.8962291479110718,,0,0
PanTS_00009706,0,1,0.9998952150344849,,0,0
PanTS_00009707,0,0,0.8049341440200806,,0,0
PanTS_00009708,0,1,0.9991692900657654,,0,0
PanTS_00009709,0,1,0.9987233877182007,,0,0
PanTS_00009710,0,0,0.9022724032402039,,0,0
PanTS_00009711,0,0,0.05108930170536041,,0,0
PanTS_00009712,0,1,0.9989859461784363,,0,0
PanTS_00009713,0,1,0.9993211627006531,,0,0
PanTS_00009714,0,0,0.9974213242530823,,0,0
PanTS_00009715,0,0,0.33772552013397217,,0,0
PanTS_00009716,0,0,0.013701879419386387,,0,0
PanTS_00009717,0,0,0.8567894697189331,,0,0
PanTS_00009718,0,0,0.9895133972167969,,0,0
PanTS_00009719,0,1,0.9957521557807922,,0,0
PanTS_00009720,0,0,0.8598306179046631,,0,0
PanTS_00009721,0,0,0.9706643223762512,,0,0
PanTS_00009722,0,0,0.06568916141986847,,0,0
PanTS_00009723,0,0,0.8984334468841553,,0,0
PanTS_00009724,0,0,0.9417272806167603,,0,0
PanTS_00009725,0,0,0.9074977040290833,,0,0
PanTS_00009726,1,1,0.9999651908874512,0.26245013627912855,1,1
PanTS_00009727,0,1,0.9997256398200989,,0,0
PanTS_00009728,0,0,0.3649713397026062,,0,0
PanTS_00009729,0,0,0.9646376967430115,,0,0
PanTS_00009730,0,0,0.8872820138931274,,0,0
PanTS_00009731,1,1,0.9999998807907104,0.5738179478932133,1,1
PanTS_00009732,0,1,0.9997294545173645,,0,0
PanTS_00009733,0,0,0.08151082694530487,,0,0
PanTS_00009734,0,0,0.5043447613716125,,0,0
PanTS_00009735,0,1,0.9997541904449463,,0,0
PanTS_00009736,0,1,0.9998881816864014,,0,0
PanTS_00009737,0,0,0.557014524936676,,0,0
PanTS_00009738,0,0,0.6975401043891907,,0,0
PanTS_00009739,1,1,1.0,0.5150950428624674,1,1
PanTS_00009740,0,1,0.9999977350234985,,0,0
PanTS_00009741,0,1,0.9968368411064148,,0,0
PanTS_00009742,0,0,0.1998554915189743,,0,0
PanTS_00009743,0,1,0.9999958872795105,,0,0
PanTS_00009744,0,1,0.997265636920929,,0,0
PanTS_00009745,0,1,0.9999974966049194,,0,0
PanTS_00009746,0,1,0.9985434412956238,,0,0
PanTS_00009747,0,0,0.08145009726285934,,0,0
PanTS_00009748,0,0,0.9897923469543457,,0,0
PanTS_00009749,0,0,0.9726016521453857,,0,0
PanTS_00009750,0,1,0.9511909484863281,,0,0
PanTS_00009751,0,0,0.48969408869743347,,0,0
PanTS_00009752,1,1,1.0,0.820773355913068,1,1
PanTS_00009753,0,1,0.9999970197677612,,0,0
PanTS_00009754,0,0,0.37184804677963257,,0,0
PanTS_00009755,0,1,0.9975912570953369,,0,0
PanTS_00009756,0,1,0.9999961256980896,,0,0
PanTS_00009757,0,0,0.46259576082229614,,0,0
PanTS_00009758,0,1,0.9928666949272156,,0,0
PanTS_00009759,0,1,0.9999561309814453,,0,0
PanTS_00009760,1,1,0.996753990650177,0.0,0,1
PanTS_00009761,0,0,0.9800450801849365,,0,0
PanTS_00009762,0,1,0.9992492198944092,,0,0
PanTS_00009763,0,0,0.9748358726501465,,0,0
PanTS_00009764,0,1,0.9999798536300659,,0,0
PanTS_00009765,1,0,0.6714676022529602,0.0,0,1
PanTS_00009766,1,1,0.9999992847442627,0.6723233569885838,1,1
PanTS_00009767,0,1,0.9999844431877136,,0,0
PanTS_00009768,1,1,1.0,0.0,0,1
PanTS_00009769,1,0,0.8131909966468811,0.0,0,1
PanTS_00009770,0,0,0.6978266835212708,,0,0
PanTS_00009771,0,1,0.999929666519165,,0,0
PanTS_00009772,0,1,0.9976990818977356,,0,0
PanTS_00009773,0,1,0.997715950012207,,0,0
PanTS_00009774,0,0,0.9720771312713623,,0,0
PanTS_00009775,0,1,0.9999955296516418,,0,0
PanTS_00009776,0,0,0.7368487119674683,,0,0
PanTS_00009777,0,1,0.9994137287139893,,0,0
PanTS_00009778,0,1,0.9877188205718994,,0,0
PanTS_00009779,0,0,0.8744305968284607,,0,0
PanTS_00009780,1,0,0.9246629476547241,0.0,0,1
PanTS_00009781,1,1,0.9999998807907104,0.5970926812872868,1,1
PanTS_00009782,0,0,0.0538838654756546,,0,0
PanTS_00009783,0,1,0.9998049736022949,,0,0
PanTS_00009784,1,1,1.0,0.6412689420761932,1,1
PanTS_00009785,0,0,0.8961563110351562,,0,0
PanTS_00009786,0,0,0.9878711104393005,,0,0
PanTS_00009787,1,1,0.9999998807907104,0.9075206358911648,1,1
PanTS_00009788,1,1,0.9999563694000244,0.6869814451651833,1,1
PanTS_00009789,0,1,0.9996495246887207,,0,0
PanTS_00009790,1,1,0.9999998807907104,0.7798930481283423,1,1
PanTS_00009791,0,1,0.9998456835746765,,0,0
PanTS_00009792,0,1,0.999995231628418,,0,0
PanTS_00009793,0,0,0.9845465421676636,,0,0
PanTS_00009794,0,0,0.9977132081985474,,0,0
PanTS_00009795,0,1,0.9999995231628418,,0,0
PanTS_00009796,0,1,0.9877925515174866,,0,0
PanTS_00009797,1,1,0.9999260902404785,0.5028142589118199,1,1
PanTS_00009798,0,0,0.809795081615448,,0,0
PanTS_00009799,0,0,0.8621204495429993,,0,0
PanTS_00009800,0,1,0.9984095096588135,,0,0
PanTS_00009801,0,1,0.9992397427558899,,0,0
PanTS_00009802,0,0,0.07050634175539017,,0,0
PanTS_00009803,0,0,0.4253149628639221,,0,0
PanTS_00009804,0,0,0.6446683406829834,,0,0
PanTS_00009805,0,0,0.6570829153060913,,0,0
PanTS_00009806,0,0,0.2436904013156891,,0,0
PanTS_00009807,0,0,0.4519302546977997,,0,0
PanTS_00009808,0,1,0.9998825192451477,,0,0
PanTS_00009809,0,0,0.840408444404602,,0,0
PanTS_00009810,0,1,0.9999980926513672,,0,0
PanTS_00009811,0,0,0.5428367853164673,,0,0
PanTS_00009812,0,0,0.6072571873664856,,0,0
PanTS_00009813,0,0,0.21391667425632477,,0,0
PanTS_00009814,0,1,0.9999516606330872,,0,0
PanTS_00009815,0,0,0.9630395174026489,,0,0
PanTS_00009816,0,1,0.9947491884231567,,0,0
PanTS_00009817,0,1,0.998294472694397,,0,0
PanTS_00009818,1,0,0.9822015166282654,0.0,0,1
PanTS_00009819,0,1,0.9996312260627747,,0,0
PanTS_00009820,0,1,0.9999816417694092,,0,0
PanTS_00009821,1,1,0.9999912977218628,0.05082769876428072,1,1
PanTS_00009822,0,0,0.5645001530647278,,0,0
PanTS_00009823,0,0,0.05138862878084183,,0,0
PanTS_00009824,1,1,0.9999575018882751,0.0,0,1
PanTS_00009825,0,0,0.23970992863178253,,0,0
PanTS_00009826,1,1,0.9999818205833435,0.1840669334303383,1,1
PanTS_00009827,0,1,0.9979358315467834,,0,0
PanTS_00009828,0,0,0.004011546727269888,,0,0
PanTS_00009829,0,1,0.9941933751106262,,0,0
PanTS_00009830,0,0,0.03191119804978371,,0,0
PanTS_00009831,0,1,0.9995973110198975,,0,0
PanTS_00009832,1,1,0.9999972581863403,0.8848987449557588,1,1
PanTS_00009833,0,1,0.9997350573539734,,0,0
PanTS_00009834,0,1,0.9953593015670776,,0,0
PanTS_00009835,0,0,0.43685588240623474,,0,0
PanTS_00009836,0,0,0.20850716531276703,,0,0
PanTS_00009837,0,0,0.8924267292022705,,0,0
PanTS_00009838,1,1,0.9993658661842346,0.27601046815934865,1,1
PanTS_00009839,0,1,0.9998052716255188,,0,0
PanTS_00009840,0,1,0.9999787211418152,,0,0
PanTS_00009841,0,0,0.9735592007637024,,0,0
PanTS_00009842,0,1,0.9933346509933472,,0,0
PanTS_00009843,0,1,0.9984964728355408,,0,0
PanTS_00009844,0,0,0.9861689209938049,,0,0
PanTS_00009845,0,1,0.9968303442001343,,0,0
PanTS_00009846,0,1,0.939346194267273,,0,0
PanTS_00009847,0,1,0.9911665916442871,,0,0
PanTS_00009848,0,1,0.9997121691703796,,0,0
PanTS_00009849,0,0,0.8019529581069946,,0,0
PanTS_00009850,0,1,0.9999136328697205,,0,0
PanTS_00009851,0,1,0.991303026676178,,0,0
PanTS_00009852,0,1,0.9999954700469971,,0,0
PanTS_00009853,0,1,0.9983459711074829,,0,0
PanTS_00009854,0,1,0.9984004497528076,,0,0
PanTS_00009855,0,0,0.3589029312133789,,0,0
PanTS_00009856,0,0,0.276288241147995,,0,0
PanTS_00009857,0,1,0.999829888343811,,0,0
PanTS_00009858,0,0,0.21234743297100067,,0,0
PanTS_00009859,0,0,0.9790968894958496,,0,0
PanTS_00009860,0,0,0.8272493481636047,,0,0
PanTS_00009861,0,1,0.9972222447395325,,0,0
PanTS_00009862,1,1,0.999995231628418,0.6721250465202828,1,1
PanTS_00009863,0,1,0.9961431622505188,,0,0
PanTS_00009864,0,1,0.9999378323554993,,0,0
PanTS_00009865,0,1,0.9984509348869324,,0,0
PanTS_00009866,0,1,0.9969738125801086,,0,0
PanTS_00009867,0,0,0.9145339131355286,,0,0
PanTS_00009868,1,1,0.9987612962722778,0.0,0,1
PanTS_00009869,0,0,0.6777607798576355,,0,0
PanTS_00009870,0,0,0.92021244764328,,0,0
PanTS_00009871,0,1,0.9716029763221741,,0,0
PanTS_00009872,0,1,0.9996647834777832,,0,0
PanTS_00009873,0,0,0.3687920570373535,,0,0
PanTS_00009874,0,1,0.9999916553497314,,0,0
PanTS_00009875,0,1,0.9982423186302185,,0,0
PanTS_00009876,0,1,1.0,,0,0
PanTS_00009877,0,0,0.9478673934936523,,0,0
PanTS_00009878,0,1,0.9978477954864502,,0,0
PanTS_00009879,0,0,0.2805687487125397,,0,0
PanTS_00009880,0,1,0.999069333076477,,0,0
PanTS_00009881,0,0,0.8855326175689697,,0,0
PanTS_00009882,1,0,0.9013082981109619,0.0,0,2
PanTS_00009883,0,0,9.380506526213139e-05,,0,0
PanTS_00009884,0,1,0.9999923706054688,,0,0
PanTS_00009885,1,0,0.8873614072799683,0.0,0,3
PanTS_00009886,0,1,0.9999990463256836,,0,0
PanTS_00009887,1,1,0.9991156458854675,0.0,0,1
PanTS_00009888,0,0,0.9307748675346375,,0,0
PanTS_00009889,0,1,0.9992042183876038,,0,0
PanTS_00009890,0,1,0.9971118569374084,,0,0
PanTS_00009891,0,1,0.9999914169311523,,0,0
PanTS_00009892,1,1,0.9962145090103149,0.08151093439363817,1,1
PanTS_00009893,0,0,0.8626666069030762,,0,0
PanTS_00009894,1,1,1.0,0.8181034482758621,1,1
PanTS_00009895,0,1,0.9978280067443848,,0,0
PanTS_00009896,1,0,0.9829471111297607,0.0,0,1
PanTS_00009897,1,0,0.973611056804657,0.0,0,1
PanTS_00009898,0,0,0.16645893454551697,,0,0
PanTS_00009899,0,1,0.9979242086410522,,0,0
PanTS_00009900,0,0,0.8760457634925842,,0,0
PanTS_00009901,1,1,0.9999998807907104,0.5715230328410844,1,1
